hedging_word,all_scores,count,mean,std,alpha_param,beta_param
I believe,"[0.75, 0.79, 0.67, 0.72, 0.79, 0.6, 0.69, 0.69, 0.61, 0.65, 0.75, 0.67, 0.6, 0.72, 0.68, 0.6, 0.71, 0.78, 0.6, 0.6, 0.76, 0.79, 0.68, 0.4, 0.3, 0.47, 0.23, 0.69, 0.65, 0.7, 0.68, 0.67, 0.63, 0.65, 0.66, 0.72, 0.69, 0.64, 0.72, 0.63, 0.75, 0.67, 0.64, 0.79, 0.7, 0.74, 0.68, 0.75, 0.72, 0.64, 0.63, 0.62, 0.64, 0.61, 0.67, 0.72, 0.74, 0.63, 0.72, 0.7, 0.78, 0.78, 0.6, 0.67, 0.7, 0.69, 0.75, 0.66, 0.6, 0.66, 0.6, 0.78, 0.61, 0.37, 0.39, 0.49, 0.6, 0.8, 0.62, 0.77, 0.69, 0.6, 0.65, 0.71, 0.6, 0.73, 0.76, 0.6, 0.7, 0.8, 0.65, 0.68, 0.6, 0.77, 0.42, 0.42, 0.26, 0.61, 0.6, 0.6, 0.61, 0.64, 0.66, 0.71, 0.63, 0.65, 0.61, 0.79, 0.62, 0.61, 0.7, 0.74, 0.65, 0.67, 0.69, 0.78, 0.68, 0.79, 0.73, 0.65, 0.63, 0.71, 0.61, 0.71, 0.75, 0.66, 0.6, 0.75, 0.6, 0.73, 0.66, 0.7, 0.69, 0.62, 0.77, 0.72, 0.77, 0.76, 0.66, 0.7, 0.64, 0.6, 0.69, 0.6, 0.75, 0.61, 0.68, 0.6, 0.67, 0.6, 0.69, 0.6, 0.74, 0.6, 0.78, 0.68, 0.65, 0.79, 0.64, 0.68, 0.71, 0.65, 0.77, 0.76, 0.67, 0.62, 0.64, 0.7, 0.63, 0.61, 0.6, 0.7, 0.67, 0.69, 0.7, 0.79, 0.46, 0.33, 0.46, 0.41, 0.76, 0.77, 0.62, 0.77, 0.78, 0.66, 0.72, 0.79, 0.67, 0.73, 0.7, 0.76, 0.73, 0.72, 0.68, 0.79, 0.62, 0.4, 0.27, 0.21, 0.34, 0.21, 0.26, 0.65, 0.8, 0.73, 0.69, 0.63, 0.77, 0.66, 0.73, 0.73, 0.74, 0.68, 0.77, 0.71, 0.62, 0.78, 0.65, 0.7, 0.78, 0.62, 0.6, 0.72, 0.78, 0.63, 0.7, 0.78, 0.71, 0.62, 0.65, 0.78, 0.74, 0.65, 0.8, 0.75, 0.62, 0.78, 0.65, 0.64, 0.71, 0.71, 0.61, 0.75, 0.78, 0.6, 0.39, 0.37, 0.27, 0.72, 0.8, 0.66, 0.67, 0.8, 0.75, 0.61, 0.67, 0.71, 0.74, 0.6, 0.63, 0.77, 0.6, 0.68, 0.72, 0.6, 0.68, 0.79, 0.61, 0.71, 0.75, 0.75, 0.68, 0.74, 0.62, 0.74, 0.75, 0.75, 0.64, 0.68, 0.69, 0.72, 0.64, 0.67, 0.65, 0.68, 0.74, 0.73, 0.74, 0.61, 0.6, 0.72, 0.7, 0.6, 0.74, 0.79, 0.8, 0.75, 0.66, 0.72, 0.7, 0.65, 0.68, 0.73, 0.68, 0.69, 0.71, 0.6, 0.71, 0.78, 0.6, 0.62, 0.65, 0.8, 0.6, 0.67, 0.63, 0.72, 0.74, 0.6, 0.6, 0.64, 0.6, 0.28, 0.46, 0.43, 0.62, 0.66, 0.68, 0.7, 0.62, 0.7, 0.73, 0.7, 0.71, 0.64, 0.63, 0.65, 0.78, 0.64, 0.72, 0.7, 0.71, 0.75, 0.77, 0.61, 0.65, 0.73, 0.62, 0.65, 0.6, 0.62, 0.66, 0.65, 0.62, 0.68, 0.6, 0.63, 0.8, 0.63, 0.79, 0.63, 0.71, 0.77, 0.75, 0.67, 0.6, 0.69, 0.71, 0.6, 0.77, 0.62, 0.77, 0.4, 0.36, 0.26, 0.79, 0.63, 0.72, 0.44, 0.4, 0.3, 0.4, 0.35, 0.27, 0.63, 0.75, 0.75, 0.7, 0.75, 0.75, 0.79, 0.24, 0.47, 0.36, 0.6, 0.71, 0.73, 0.72, 0.63, 0.77, 0.62, 0.71, 0.46, 0.31, 0.34]",406,0.654704,0.118108,9.9555,5.2506
I think,"[0.46, 0.28, 0.41, 0.74, 0.67, 0.7, 0.6, 0.77, 0.73, 0.6, 0.76, 0.78, 0.76, 0.67, 0.32, 0.47, 0.3, 0.27, 0.25, 0.67, 0.72, 0.78, 0.77, 0.64, 0.73, 0.4, 0.29, 0.4, 0.8, 0.69, 0.71, 0.6, 0.76, 0.61, 0.6, 0.7, 0.66, 0.44, 0.43, 0.21, 0.33, 0.64, 0.8, 0.63, 0.71, 0.66, 0.7, 0.78, 0.22, 0.49, 0.47, 0.76, 0.7, 0.65, 0.7, 0.75, 0.72, 0.6, 0.37, 0.47, 0.42, 0.39, 0.33, 0.33, 0.38, 0.3, 0.44, 0.67, 0.71, 0.67, 0.71, 0.62, 0.74, 0.65, 0.3, 0.32, 0.27, 0.74, 0.75, 0.75, 0.61, 0.77, 0.7, 0.65, 0.76, 0.74, 0.67, 0.72, 0.68, 0.73, 0.73, 0.7, 0.79, 0.68, 0.72, 0.79, 0.74, 0.4, 0.47, 0.3, 0.17, 0.09, 0.11, 0.49, 0.46, 0.21, 0.34, 0.36, 0.42, 0.79, 0.65, 0.64, 0.78, 0.76, 0.77, 0.61, 0.65, 0.72, 0.74, 0.65, 0.67, 0.71, 0.68, 0.73, 0.74, 0.7, 0.77, 0.63, 0.74, 0.63, 0.6, 0.75, 0.67, 0.71, 0.72, 0.6, 0.66, 0.8, 0.49, 0.23, 0.45, 0.46, 0.78, 0.75, 0.61, 0.7, 0.77, 0.79, 0.63, 0.72, 0.75, 0.71, 0.61, 0.71, 0.78, 0.21, 0.37, 0.35, 0.33, 0.45, 0.31, 0.49, 0.27, 0.34, 0.42, 0.39, 0.24, 0.69, 0.69, 0.66, 0.76, 0.8, 0.74, 0.28, 0.34, 0.45, 0.44, 0.46, 0.47, 0.33, 0.3, 0.42, 0.3, 0.61, 0.78, 0.65, 0.6, 0.33, 0.39, 0.24, 0.44, 0.62, 0.61, 0.7, 0.62, 0.63, 0.64, 0.49, 0.3, 0.31, 0.68, 0.62, 0.71, 0.49, 0.31, 0.4, 0.72, 0.73, 0.64, 0.69, 0.74, 0.68, 0.68, 0.76, 0.64, 0.47, 0.26, 0.35, 0.62, 0.64, 0.71, 0.7, 0.62, 0.63, 0.7, 0.61, 0.61, 0.6, 0.62, 0.65, 0.64, 0.69, 0.76, 0.71, 0.78, 0.8, 0.64, 0.21, 0.37, 0.41, 0.42, 0.29, 0.42, 0.21, 0.68, 0.64, 0.72, 0.37, 0.29, 0.38, 0.41, 0.38, 0.48, 0.43, 0.4, 0.3, 0.35, 0.32, 0.33, 0.68, 0.62, 0.61, 0.77, 0.69, 0.63, 0.67, 0.25, 0.4, 0.35, 0.32, 0.27, 0.22, 0.4, 0.29, 0.29, 0.72, 0.78, 0.8, 0.76, 0.63, 0.7, 0.79, 0.66, 0.64]",284,0.564472,0.181739,3.637,2.8062
it seems,"[0.68, 0.65, 0.6, 0.76, 0.63, 0.62, 0.74, 0.6, 0.71, 0.74, 0.69, 0.77, 0.76, 0.7, 0.65, 0.75, 0.67, 0.66, 0.75, 0.65, 0.73, 0.7, 0.64, 0.63, 0.8, 0.75, 0.7, 0.66, 0.7, 0.72, 0.7, 0.71, 0.71, 0.75, 0.78, 0.72, 0.69, 0.62, 0.63, 0.62, 0.71, 0.77, 0.61, 0.69, 0.62, 0.61, 0.73, 0.6, 0.78, 0.69, 0.75, 0.61, 0.61, 0.75, 0.74, 0.63, 0.71, 0.71, 0.65, 0.69, 0.7, 0.64, 0.74, 0.63, 0.63, 0.6, 0.63, 0.79, 0.6, 0.75, 0.67, 0.79, 0.8, 0.71, 0.75, 0.75, 0.68, 0.78, 0.66, 0.62, 0.72, 0.73, 0.65, 0.67, 0.78, 0.7, 0.6, 0.75, 0.63, 0.7, 0.68, 0.8, 0.6, 0.75, 0.71, 0.7, 0.62, 0.75, 0.65, 0.73, 0.72, 0.69, 0.63, 0.6, 0.6, 0.79, 0.64, 0.78, 0.22, 0.28, 0.25, 0.64, 0.8, 0.71, 0.61, 0.63, 0.8, 0.75, 0.76, 0.75, 0.72, 0.63, 0.63, 0.72, 0.68, 0.8, 0.68, 0.63, 0.6, 0.7, 0.72, 0.76, 0.73, 0.6, 0.74, 0.61, 0.64, 0.69, 0.66, 0.6, 0.61, 0.61, 0.8, 0.6, 0.74, 0.72, 0.71, 0.7, 0.73, 0.7, 0.67, 0.75, 0.72, 0.6, 0.76, 0.6, 0.67, 0.73, 0.75, 0.77, 0.7, 0.65, 0.72, 0.64, 0.69, 0.73, 0.65, 0.77, 0.64, 0.6, 0.69, 0.62, 0.6, 0.76, 0.61, 0.63, 0.6, 0.77, 0.63, 0.76, 0.6, 0.62, 0.6, 0.68, 0.64, 0.69, 0.76, 0.72, 0.72, 0.6, 0.77, 0.75, 0.74, 0.8, 0.63, 0.77, 0.62, 0.73, 0.64, 0.73, 0.73, 0.62, 0.74, 0.6, 0.62, 0.76, 0.63, 0.6, 0.61, 0.6, 0.66, 0.71, 0.79, 0.61, 0.8, 0.79, 0.6, 0.79, 0.67, 0.74, 0.71, 0.6, 0.79, 0.72, 0.71, 0.62, 0.79, 0.63, 0.64, 0.62, 0.65, 0.69, 0.79, 0.63, 0.73, 0.68, 0.79, 0.79, 0.78, 0.76, 0.63, 0.74, 0.6, 0.6, 0.64, 0.77, 0.6, 0.69, 0.6, 0.65, 0.6, 0.63, 0.63, 0.76, 0.69, 0.41, 0.27, 0.45, 0.49, 0.29, 0.33, 0.4, 0.3, 0.31, 0.48, 0.23, 0.4, 0.48, 0.35, 0.4, 0.34, 0.49, 0.41]",273,0.663333,0.109263,11.745,5.961
if I recall correctly,"[0.68, 0.67, 0.65, 0.76, 0.62, 0.61, 0.71, 0.67, 0.72, 0.62, 0.73, 0.66, 0.69, 0.6, 0.72, 0.72, 0.69, 0.66, 0.71, 0.7, 0.71, 0.63, 0.65, 0.6, 0.6, 0.77, 0.66, 0.6, 0.64, 0.76, 0.63, 0.65, 0.62, 0.79, 0.76, 0.67, 0.78, 0.8, 0.73, 0.75, 0.69, 0.76, 0.73, 0.72, 0.6, 0.78, 0.66, 0.69, 0.8, 0.47, 0.35, 0.46, 0.39, 0.27, 0.48, 0.38, 0.42, 0.32, 0.35, 0.49, 0.48, 0.35, 0.35, 0.72, 0.6, 0.62, 0.61, 0.62, 0.71, 0.7, 0.43, 0.27, 0.3, 0.69, 0.61, 0.8, 0.6, 0.73, 0.6, 0.7, 0.64, 0.7, 0.7, 0.69, 0.78, 0.79, 0.68, 0.6, 0.61, 0.73, 0.49, 0.48, 0.34, 0.35, 0.33, 0.45, 0.69, 0.77, 0.67, 0.67, 0.76, 0.64, 0.7, 0.67, 0.72, 0.65, 0.49, 0.4, 0.27, 0.61, 0.69, 0.62, 0.7, 0.8, 0.72, 0.6, 0.74, 0.73, 0.72, 0.68, 0.67, 0.68, 0.7, 0.79, 0.63, 0.73, 0.6, 0.74, 0.24, 0.48, 0.33, 0.45, 0.29, 0.48, 0.22, 0.46, 0.44, 0.44, 0.79, 0.69, 0.71, 0.79, 0.66, 0.72, 0.78, 0.79, 0.69, 0.6, 0.6, 0.3, 0.45, 0.3, 0.32, 0.38, 0.4, 0.63, 0.61, 0.76, 0.72, 0.64, 0.7, 0.78, 0.7, 0.74, 0.69, 0.6, 0.68, 0.77, 0.65, 0.63, 0.61, 0.67, 0.64, 0.6, 0.69, 0.74, 0.79, 0.6, 0.79, 0.75, 0.78, 0.6, 0.6, 0.72, 0.49, 0.3, 0.27, 0.45, 0.33, 0.31, 0.4, 0.33, 0.42, 0.63, 0.65, 0.65, 0.78, 0.79, 0.7, 0.74, 0.74, 0.63]",202,0.611832,0.149717,5.8707,3.7246
as far as I know,"[0.71, 0.66, 0.67, 0.63, 0.7, 0.74, 0.6, 0.71, 0.68, 0.6, 0.7, 0.68, 0.6, 0.66, 0.76, 0.71, 0.71, 0.65, 0.61, 0.7, 0.65, 0.66, 0.69, 0.79, 0.7, 0.63, 0.8, 0.66, 0.73, 0.6, 0.65, 0.6, 0.66, 0.65, 0.67, 0.67, 0.75, 0.68, 0.69, 0.77, 0.76, 0.7, 0.74, 0.74, 0.71, 0.78, 0.69, 0.71, 0.78, 0.8, 0.71, 0.69, 0.72, 0.64, 0.78, 0.74, 0.62, 0.64, 0.74, 0.63, 0.62, 0.75, 0.74, 0.64, 0.61, 0.66, 0.7, 0.7, 0.68, 0.77, 0.7, 0.7, 0.72, 0.65, 0.65, 0.71, 0.67, 0.63, 0.8, 0.6, 0.62, 0.66, 0.69, 0.73, 0.62, 0.71, 0.74, 0.78, 0.7, 0.63, 0.7, 0.6, 0.77, 0.6, 0.67, 0.6, 0.67, 0.6, 0.71, 0.79, 0.68, 0.63, 0.69, 0.74, 0.78, 0.79, 0.75, 0.74, 0.8, 0.77, 0.74, 0.61, 0.72, 0.62, 0.66, 0.77, 0.65, 0.68, 0.77, 0.61, 0.61, 0.72, 0.6, 0.64, 0.62, 0.75, 0.75, 0.7, 0.7, 0.75, 0.77, 0.77, 0.78, 0.75, 0.79, 0.64, 0.79, 0.62, 0.62, 0.64, 0.7, 0.78, 0.74, 0.71, 0.63, 0.76, 0.69, 0.66, 0.75, 0.74, 0.75, 0.71, 0.77, 0.79, 0.7, 0.63, 0.77, 0.75, 0.68, 0.62, 0.75, 0.7, 0.8, 0.73, 0.8, 0.74, 0.79, 0.71, 0.69, 0.73, 0.63, 0.73, 0.63, 0.62, 0.75, 0.63, 0.63, 0.62, 0.67, 0.63, 0.69, 0.78, 0.79, 0.64, 0.71, 0.77, 0.65, 0.69, 0.63, 0.72, 0.75, 0.78, 0.75, 0.64, 0.73, 0.69, 0.63, 0.65]",198,0.69697,0.05876,41.9369,18.2334
could be,"[0.26, 0.36, 0.21, 0.26, 0.3, 0.3, 0.28, 0.12, 0.21, 0.16, 0.19, 0.22, 0.21, 0.06, 0.17, 0.2, 0.2, 0.31, 0.29, 0.25, 0.35, 0.41, 0.49, 0.49, 0.47, 0.33, 0.25, 0.37, 0.34, 0.3, 0.32, 0.3, 0.4, 0.3, 0.36, 0.33, 0.36, 0.3, 0.48, 0.49, 0.4, 0.49, 0.43, 0.33, 0.35, 0.38, 0.29, 0.39, 0.41, 0.45, 0.46, 0.24, 0.29, 0.32, 0.4, 0.46, 0.35, 0.35, 0.35, 0.41, 0.42, 0.36, 0.29, 0.32, 0.49, 0.23, 0.36, 0.33, 0.3, 0.21, 0.43, 0.4, 0.4, 0.08, 0.09, 0.07, 0.4, 0.46, 0.27, 0.4, 0.41, 0.27, 0.37, 0.1, 0.18, 0.2, 0.11, 0.16, 0.22, 0.43, 0.31, 0.3, 0.49, 0.43, 0.44, 0.21, 0.47, 0.07, 0.12, 0.19, 0.28, 0.42, 0.24, 0.39, 0.42, 0.36, 0.35, 0.3, 0.26, 0.38, 0.44, 0.37, 0.37, 0.42, 0.34, 0.25, 0.39, 0.28, 0.21, 0.36, 0.28, 0.4, 0.32, 0.45, 0.28, 0.31, 0.34, 0.29, 0.38, 0.37, 0.32, 0.29, 0.47, 0.38, 0.3, 0.46, 0.4, 0.29, 0.23, 0.47, 0.27, 0.39, 0.41, 0.27, 0.3, 0.18, 0.15, 0.1, 0.42, 0.44, 0.33, 0.38, 0.44, 0.29, 0.31, 0.3, 0.29, 0.1, 0.14, 0.23, 0.25, 0.43, 0.3, 0.42, 0.13, 0.2, 0.05, 0.3, 0.25, 0.38, 0.35, 0.37, 0.46, 0.45, 0.39, 0.34, 0.43, 0.3, 0.3, 0.42, 0.3, 0.41, 0.22, 0.33, 0.3, 0.25, 0.26, 0.42, 0.35]",189,0.319048,0.103138,6.1971,13.2267
might be,"[0.79, 0.75, 0.62, 0.4, 0.42, 0.4, 0.34, 0.29, 0.3, 0.3, 0.42, 0.25, 0.33, 0.29, 0.8, 0.75, 0.65, 0.31, 0.27, 0.24, 0.4, 0.33, 0.3, 0.38, 0.22, 0.2, 0.25, 0.37, 0.25, 0.25, 0.35, 0.27, 0.3, 0.33, 0.39, 0.3, 0.38, 0.35, 0.3, 0.36, 0.38, 0.3, 0.3, 0.43, 0.3, 0.36, 0.3, 0.41, 0.42, 0.29, 0.32, 0.3, 0.23, 0.4, 0.34, 0.49, 0.48, 0.33, 0.21, 0.37, 0.3, 0.46, 0.15, 0.25, 0.2, 0.42, 0.22, 0.36, 0.3, 0.08, 0.09, 0.25, 0.45, 0.22, 0.25, 0.22, 0.32, 0.33, 0.31, 0.41, 0.26, 0.47, 0.3, 0.48, 0.27, 0.38, 0.22, 0.1, 0.1, 0.2, 0.23, 0.23, 0.28, 0.3, 0.37, 0.35, 0.32, 0.3, 0.3, 0.3, 0.25, 0.42, 0.35, 0.38, 0.32, 0.38, 0.24, 0.45, 0.31, 0.4, 0.39, 0.4, 0.25, 0.47, 0.49, 0.3, 0.32, 0.4, 0.23, 0.2, 0.16, 0.13, 0.21, 0.24, 0.29, 0.4, 0.21, 0.36, 0.35, 0.44, 0.49, 0.14, 0.2, 0.11, 0.23, 0.25, 0.3, 0.43, 0.25, 0.24, 0.22, 0.43, 0.3, 0.3, 0.25, 0.25, 0.25, 0.23, 0.07, 0.21, 0.1, 0.3, 0.47, 0.34, 0.25, 0.18, 0.25, 0.23, 0.3, 0.37, 0.49, 0.23, 0.34, 0.37, 0.41, 0.35, 0.16, 0.21, 0.21, 0.3, 0.25, 0.28, 0.4, 0.4, 0.4, 0.49]",176,0.320909,0.120158,4.5229,9.5711
appears to,"[0.67, 0.6, 0.63, 0.7, 0.65, 0.75, 0.63, 0.7, 0.61, 0.7, 0.7, 0.73, 0.8, 0.67, 0.75, 0.75, 0.68, 0.75, 0.77, 0.6, 0.67, 0.63, 0.68, 0.65, 0.64, 0.73, 0.64, 0.65, 0.74, 0.71, 0.64, 0.7, 0.65, 0.62, 0.78, 0.65, 0.76, 0.6, 0.72, 0.75, 0.63, 0.64, 0.67, 0.79, 0.66, 0.62, 0.46, 0.44, 0.48, 0.76, 0.76, 0.73, 0.7, 0.35, 0.38, 0.27, 0.75, 0.78, 0.61, 0.71, 0.75, 0.74, 0.67, 0.75, 0.73, 0.75, 0.8, 0.76, 0.71, 0.77, 0.68, 0.64, 0.73, 0.73, 0.7, 0.74, 0.71, 0.63, 0.71, 0.44, 0.29, 0.3, 0.69, 0.68, 0.74, 0.79, 0.69, 0.61, 0.68, 0.62, 0.6, 0.6, 0.76, 0.7, 0.69, 0.78, 0.79, 0.71, 0.7, 0.8, 0.64, 0.7, 0.63, 0.68, 0.73, 0.69, 0.62, 0.69, 0.65, 0.67, 0.71, 0.66, 0.63, 0.77, 0.6, 0.73, 0.75, 0.78, 0.65, 0.77, 0.7, 0.68, 0.63, 0.65, 0.79, 0.6, 0.76, 0.68, 0.78, 0.74, 0.74, 0.62, 0.75, 0.72, 0.65, 0.71, 0.79, 0.7, 0.77, 0.62, 0.79, 0.63, 0.72, 0.75, 0.7, 0.63, 0.75, 0.6, 0.75, 0.75, 0.61, 0.6, 0.75, 0.6, 0.7, 0.76, 0.78, 0.6, 0.64, 0.64, 0.64, 0.71, 0.66, 0.7, 0.6, 0.63, 0.61, 0.7, 0.79, 0.72, 0.74]",171,0.67883,0.092665,16.5566,7.8333
my understanding is,"[0.71, 0.71, 0.62, 0.61, 0.72, 0.65, 0.75, 0.6, 0.71, 0.77, 0.7, 0.64, 0.7, 0.74, 0.69, 0.68, 0.7, 0.7, 0.74, 0.65, 0.7, 0.7, 0.75, 0.77, 0.67, 0.7, 0.79, 0.67, 0.74, 0.65, 0.78, 0.7, 0.78, 0.7, 0.73, 0.8, 0.62, 0.67, 0.65, 0.72, 0.63, 0.76, 0.67, 0.6, 0.67, 0.74, 0.78, 0.66, 0.73, 0.71, 0.74, 0.8, 0.74, 0.65, 0.74, 0.61, 0.72, 0.73, 0.61, 0.64, 0.67, 0.75, 0.69, 0.64, 0.8, 0.7, 0.71, 0.65, 0.74, 0.6, 0.65, 0.6, 0.71, 0.75, 0.6, 0.67, 0.69, 0.74, 0.77, 0.61, 0.75, 0.73, 0.61, 0.43, 0.33, 0.35, 0.78, 0.6, 0.76, 0.65, 0.65, 0.65, 0.75, 0.8, 0.7, 0.71, 0.73, 0.75, 0.38, 0.46, 0.3, 0.72, 0.6, 0.74, 0.69, 0.71, 0.63, 0.79, 0.71, 0.67, 0.72, 0.74, 0.72, 0.67, 0.67, 0.72, 0.79, 0.6, 0.72, 0.66, 0.6, 0.71, 0.68, 0.69, 0.77, 0.65, 0.69, 0.69, 0.68, 0.79, 0.78, 0.67, 0.64, 0.75, 0.68, 0.73, 0.77, 0.74, 0.69, 0.74, 0.79, 0.67, 0.67, 0.7, 0.8, 0.61, 0.72, 0.67, 0.6, 0.75, 0.69, 0.65, 0.68, 0.79, 0.61, 0.63, 0.66]",157,0.686115,0.083456,20.5291,9.3917
I'd say,"[0.74, 0.79, 0.72, 0.6, 0.25, 0.26, 0.44, 0.25, 0.19, 0.2, 0.75, 0.64, 0.7, 0.65, 0.38, 0.26, 0.35, 0.72, 0.69, 0.69, 0.74, 0.71, 0.74, 0.64, 0.75, 0.76, 0.76, 0.67, 0.71, 0.68, 0.77, 0.8, 0.65, 0.71, 0.65, 0.35, 0.36, 0.4, 0.49, 0.71, 0.6, 0.6, 0.75, 0.69, 0.8, 0.15, 0.21, 0.1, 0.6, 0.69, 0.65, 0.64, 0.33, 0.34, 0.39, 0.74, 0.67, 0.78, 0.6, 0.66, 0.7, 0.77, 0.8, 0.77, 0.73, 0.65, 0.72, 0.67, 0.63, 0.61, 0.71, 0.6, 0.49, 0.21, 0.49, 0.38, 0.22, 0.15, 0.15, 0.1, 0.34, 0.32, 0.27, 0.73, 0.61, 0.7, 0.74, 0.49, 0.48, 0.41, 0.35, 0.64, 0.65, 0.76, 0.77, 0.74, 0.63, 0.72, 0.78, 0.73, 0.71, 0.8, 0.64, 0.66, 0.73, 0.64, 0.76, 0.7, 0.65, 0.61, 0.78, 0.65, 0.45, 0.34, 0.35, 0.43, 0.33, 0.35, 0.8, 0.76, 0.63, 0.65, 0.17, 0.22, 0.21, 0.7, 0.62, 0.71, 0.62, 0.75, 0.67, 0.75, 0.25, 0.37, 0.21, 0.26, 0.3, 0.27, 0.48, 0.48, 0.4, 0.38, 0.33, 0.36, 0.41, 0.64, 0.78, 0.61, 0.74]",149,0.555906,0.200722,2.8504,2.2771
other,"[0.3, 0.38, 0.38, 0.19, 0.17, 0.12, 0.1, 0.21, 0.17, 0.97, 0.99, 1.0, 0.43, 0.36, 0.23, 0.76, 0.77, 0.71, 0.6, 0.79, 0.76, 0.71, 0.4, 0.29, 0.25, 0.77, 0.8, 0.61, 0.64, 0.68, 0.77, 0.78, 0.71, 0.77, 0.61, 0.75, 0.65, 0.7, 0.66, 0.75, 0.72, 0.64, 0.71, 0.74, 0.69, 0.67, 0.7, 0.7, 0.75, 0.76, 0.76, 0.66, 0.73, 0.71, 0.62, 0.79, 0.69, 0.71, 0.75, 0.7, 0.33, 0.44, 0.34, 0.7, 0.72, 0.6, 0.71, 0.68, 0.64, 0.64, 0.03, 0.01, 0.02, 0.79, 0.66, 0.71, 0.75, 0.73, 0.71, 0.6, 0.71, 0.75, 0.75, 0.8, 0.42, 0.34, 0.32, 0.62, 0.75, 0.74, 0.74, 0.25, 0.3, 0.34, 0.35, 0.96, 1.0, 1.0, 0.03, 0.0, 0.0, 0.07, 0.11, 0.15, 0.13, 0.17, 0.2, 0.41, 0.48, 0.36, 0.45, 0.29, 0.4, 0.21, 0.19, 0.2, 0.77, 0.64, 0.72, 0.69, 0.66, 0.62, 0.0, 0.04, 0.0, 0.46, 0.35, 0.24, 0.33, 0.73, 0.67, 0.6, 0.65, 0.71, 0.7, 0.67, 0.03, 0.02, 0.0]",139,0.525108,0.271193,1.2554,1.1353
to the best of my knowledge,"[0.66, 0.77, 0.79, 0.74, 0.75, 0.79, 0.61, 0.6, 0.64, 0.69, 0.6, 0.68, 0.8, 0.62, 0.67, 0.66, 0.6, 0.63, 0.73, 0.77, 0.71, 0.75, 0.72, 0.75, 0.77, 0.76, 0.68, 0.69, 0.61, 0.6, 0.74, 0.79, 0.8, 0.78, 0.69, 0.72, 0.73, 0.72, 0.61, 0.66, 0.69, 0.7, 0.71, 0.61, 0.61, 0.71, 0.72, 0.75, 0.78, 0.67, 0.67, 0.62, 0.65, 0.79, 0.68, 0.65, 0.66, 0.6, 0.79, 0.6, 0.64, 0.72, 0.6, 0.6, 0.65, 0.77, 0.64, 0.65, 0.73, 0.71, 0.65, 0.63, 0.76, 0.72, 0.62, 0.67, 0.67, 0.72, 0.71, 0.76, 0.8, 0.66, 0.62, 0.76, 0.76, 0.77, 0.74, 0.68, 0.73, 0.78, 0.76, 0.8, 0.71, 0.72, 0.69, 0.62, 0.61, 0.65, 0.7, 0.77, 0.62, 0.67, 0.71, 0.71, 0.8, 0.6, 0.61, 0.64, 0.69, 0.63, 0.62, 0.72, 0.61, 0.66, 0.78, 0.67, 0.7, 0.6, 0.75, 0.61, 0.7, 0.74, 0.6, 0.71, 0.61, 0.7, 0.75]",127,0.692126,0.062152,37.4873,16.6752
probably,"[0.62, 0.69, 0.79, 0.8, 0.74, 0.66, 0.78, 0.7, 0.75, 0.73, 0.69, 0.76, 0.62, 0.68, 0.68, 0.67, 0.61, 0.7, 0.6, 0.61, 0.05, 0.2, 0.25, 0.75, 0.6, 0.61, 0.8, 0.77, 0.68, 0.68, 0.74, 0.67, 0.45, 0.27, 0.35, 0.41, 0.4, 0.32, 0.72, 0.77, 0.66, 0.64, 0.6, 0.75, 0.7, 0.7, 0.35, 0.37, 0.28, 0.64, 0.65, 0.62, 0.62, 0.6, 0.69, 0.79, 0.48, 0.38, 0.38, 0.74, 0.76, 0.69, 0.64, 0.67, 0.8, 0.7, 0.63, 0.72, 0.65, 0.72, 0.62, 0.64, 0.65, 0.69, 0.61, 0.75, 0.23, 0.05, 0.23, 0.65, 0.78, 0.63, 0.65, 0.7, 0.6, 0.72, 0.67, 0.76, 0.75, 0.62, 0.67, 0.64, 0.67, 0.7, 0.63, 0.65, 0.72, 0.7, 0.71, 0.8, 0.68, 0.62, 0.67, 0.66, 0.79, 0.71, 0.71, 0.74, 0.72, 0.62, 0.64, 0.72, 0.72, 0.45, 0.28, 0.36, 0.69, 0.75, 0.64, 0.71]",120,0.623,0.160292,5.072,3.0693
fairly certain,"[0.61, 0.63, 0.77, 0.7, 0.7, 0.71, 0.77, 0.78, 0.76, 0.75, 0.62, 0.72, 0.75, 0.76, 0.7, 0.77, 0.68, 0.63, 0.74, 0.63, 0.75, 0.77, 0.61, 0.7, 0.66, 0.77, 0.75, 0.77, 0.62, 0.67, 0.77, 0.78, 0.64, 0.71, 0.68, 0.76, 0.75, 0.63, 0.78, 0.69, 0.78, 0.78, 0.72, 0.63, 0.71, 0.63, 0.68, 0.61, 0.79, 0.66, 0.67, 0.71, 0.68, 0.68, 0.66, 0.64, 0.65, 0.71, 0.68, 0.68, 0.69, 0.63, 0.67, 0.68, 0.63, 0.61, 0.6, 0.61, 0.7, 0.79, 0.71, 0.65, 0.8, 0.79, 0.8, 0.67, 0.65, 0.74, 0.74, 0.78, 0.7, 0.66, 0.75, 0.7, 0.8, 0.8, 0.8, 0.7, 0.6, 0.78, 0.69, 0.77, 0.69, 0.66, 0.7, 0.72, 0.66, 0.77, 0.71, 0.67, 0.63, 0.75, 0.62, 0.71, 0.76, 0.8, 0.76, 0.62, 0.66]",109,0.704312,0.059135,41.2398,17.3135
not entirely,"[0.29, 0.23, 0.25, 0.26, 0.48, 0.4, 0.25, 0.29, 0.39, 0.24, 0.31, 0.25, 0.28, 0.33, 0.24, 0.4, 0.42, 0.34, 0.39, 0.3, 0.32, 0.3, 0.49, 0.21, 0.3, 0.23, 0.38, 0.3, 0.42, 0.4, 0.43, 0.37, 0.39, 0.43, 0.27, 0.29, 0.49, 0.33, 0.4, 0.28, 0.3, 0.35, 0.35, 0.28, 0.35, 0.35, 0.25, 0.41, 0.45, 0.39, 0.35, 0.45, 0.21, 0.42, 0.4, 0.43, 0.41, 0.37, 0.21, 0.25, 0.3, 0.4, 0.26, 0.21, 0.4, 0.43, 0.27, 0.4, 0.4, 0.43, 0.3, 0.42, 0.23, 0.26, 0.3, 0.38, 0.38, 0.42, 0.4, 0.27, 0.29, 0.42, 0.46, 0.39, 0.43, 0.45, 0.37, 0.32, 0.23, 0.4, 0.33, 0.49, 0.37, 0.41, 0.42, 0.23, 0.45, 0.36, 0.4, 0.38, 0.25, 0.31, 0.47, 0.32, 0.37, 0.38, 0.32, 0.3]",108,0.3475,0.075345,13.5322,25.4095
most likely,"[0.74, 0.74, 0.63, 0.74, 0.62, 0.8, 0.65, 0.75, 0.6, 0.71, 0.72, 0.64, 0.68, 0.62, 0.72, 0.76, 0.74, 0.64, 0.65, 0.75, 0.63, 0.67, 0.7, 0.7, 0.71, 0.65, 0.66, 0.6, 0.8, 0.68, 0.62, 0.75, 0.74, 0.7, 0.7, 0.7, 0.75, 0.64, 0.77, 0.79, 0.69, 0.78, 0.67, 0.73, 0.75, 0.8, 0.61, 0.63, 0.71, 0.68, 0.66, 0.75, 0.74, 0.7, 0.77, 0.67, 0.67, 0.64, 0.6, 0.66, 0.8, 0.64, 0.72, 0.6, 0.67, 0.75, 0.68, 0.6, 0.65, 0.67, 0.69, 0.7, 0.6, 0.74, 0.71, 0.7, 0.7, 0.71, 0.63, 0.64, 0.65, 0.64, 0.76, 0.72, 0.74, 0.77, 0.65, 0.73, 0.8, 0.79, 0.63, 0.78, 0.65, 0.63, 0.77, 0.7, 0.71, 0.75, 0.77, 0.66, 0.78, 0.75, 0.69, 0.78]",104,0.69875,0.057093,44.4253,19.1529
indicates,"[0.71, 0.7, 0.78, 0.7, 0.72, 0.65, 0.67, 0.71, 0.8, 0.78, 0.75, 0.64, 0.69, 0.76, 0.71, 0.67, 0.75, 0.66, 0.79, 0.66, 0.67, 0.64, 0.77, 0.8, 0.76, 0.73, 0.69, 0.61, 0.61, 0.78, 0.6, 0.72, 0.77, 0.79, 0.72, 0.65, 0.73, 0.62, 0.71, 0.72, 0.78, 0.67, 0.64, 0.75, 0.64, 0.6, 0.79, 0.64, 0.65, 0.62, 0.67, 0.79, 0.71, 0.64, 0.78, 0.65, 0.73, 0.79, 0.8, 0.65, 0.68, 0.69, 0.8, 0.7, 0.79, 0.69, 0.7, 0.68, 0.68, 0.8, 0.62, 0.65, 0.8, 0.75, 0.6, 0.71, 0.79, 0.63, 0.74, 0.73, 0.79, 0.8, 0.69, 1.0, 1.0, 0.95, 0.8, 0.8, 0.68, 0.64, 0.64, 0.75, 0.78, 0.66, 0.78, 0.67, 0.7, 0.6]",98,0.717755,0.077626,23.4125,9.2066
I am pretty sure,"[0.71, 0.71, 0.68, 0.67, 0.68, 0.8, 0.7, 0.74, 0.75, 0.66, 0.65, 0.62, 0.71, 0.64, 0.76, 0.71, 0.66, 0.65, 0.8, 0.69, 0.8, 0.75, 0.72, 0.68, 0.67, 0.8, 0.79, 0.66, 0.69, 0.7, 0.8, 0.76, 0.72, 0.75, 0.76, 0.72, 0.66, 0.67, 0.62, 0.62, 0.62, 0.73, 0.73, 0.69, 0.75, 0.75, 0.75, 0.6, 0.78, 0.64, 0.73, 0.66, 0.7, 0.75, 0.72, 0.7, 0.71, 0.68, 0.65, 0.65, 0.78, 0.78, 0.67, 0.68, 0.69, 0.64, 0.65, 0.72, 0.8, 0.79, 0.7, 0.72, 0.74, 0.7, 0.68, 0.66, 0.68, 0.6, 0.66, 0.62, 0.72, 0.64, 0.62, 0.78, 0.64, 0.72, 0.69, 0.69, 0.61, 0.69, 0.71]",91,0.700989,0.05323,51.1543,21.8202
fairly confident,"[0.62, 0.74, 0.72, 0.8, 0.69, 0.72, 0.75, 0.64, 0.71, 0.7, 0.69, 0.67, 0.74, 0.64, 0.62, 0.7, 0.66, 0.73, 0.63, 0.78, 0.8, 0.79, 0.68, 0.64, 0.62, 0.76, 0.6, 0.74, 0.69, 0.8, 0.7, 0.74, 0.63, 0.69, 0.64, 0.75, 0.7, 0.7, 0.72, 0.76, 0.78, 0.66, 0.64, 0.65, 0.73, 0.68, 0.77, 0.74, 0.6, 0.66, 0.69, 0.7, 0.75, 0.76, 0.8, 0.79, 0.78, 0.74, 0.77, 0.63, 0.7, 0.74, 0.76, 0.73, 0.71, 0.8, 0.6, 0.75, 0.68, 0.76, 0.62, 0.7, 0.75, 0.8, 0.76, 0.67, 0.75, 0.74, 0.76, 0.78, 0.78, 0.73, 0.73, 0.73]",84,0.71369,0.056093,45.6346,18.3071
it's possible that,"[0.37, 0.36, 0.24, 0.24, 0.4, 0.3, 0.38, 0.42, 0.25, 0.26, 0.29, 0.26, 0.3, 0.35, 0.36, 0.28, 0.38, 0.3, 0.39, 0.38, 0.4, 0.35, 0.35, 0.38, 0.38, 0.34, 0.31, 0.46, 0.3, 0.2, 0.24, 0.15, 0.29, 0.26, 0.29, 0.4, 0.49, 0.28, 0.33, 0.3, 0.44, 0.43, 0.35, 0.27, 0.21, 0.41, 0.42, 0.31, 0.35, 0.4, 0.4, 0.49, 0.28, 0.49, 0.23, 0.3, 0.32, 0.36, 0.39, 0.31, 0.31, 0.26, 0.35, 0.21, 0.27, 0.32, 0.4, 0.31, 0.33, 0.28, 0.32, 0.45, 0.33, 0.41, 0.32, 0.3, 0.41, 0.42, 0.33, 0.3]",80,0.335,0.070943,14.4933,28.7703
may,"[0.98, 0.99, 0.98, 1.0, 0.99, 1.0, 0.23, 0.49, 0.25, 0.95, 0.95, 1.0, 0.2, 0.24, 0.06, 0.35, 0.4, 0.42, 0.71, 0.76, 0.68, 0.29, 0.38, 0.31, 0.8, 0.6, 0.61, 0.69, 1.0, 1.0, 1.0, 0.72, 0.6, 0.75, 0.77, 1.0, 0.99, 1.0, 0.73, 0.77, 0.8, 0.75, 0.25, 0.29, 0.34, 0.39, 0.31, 0.44, 0.31, 0.41, 0.44, 0.72, 0.7, 0.8, 0.7, 0.63, 0.7, 0.6, 0.61, 0.76, 1.0, 1.0, 0.95, 0.37, 0.41, 0.25, 0.4, 0.64, 0.68, 0.74, 0.1, 0.19, 0.06]",73,0.621644,0.284961,1.1789,0.7175
fairly,"[0.69, 0.79, 0.7, 0.69, 0.62, 0.72, 0.76, 0.64, 0.65, 0.61, 0.76, 0.65, 0.79, 0.68, 0.63, 0.71, 0.79, 0.41, 0.39, 0.44, 0.68, 0.77, 0.74, 0.72, 0.75, 0.7, 0.76, 0.7, 0.6, 0.63, 0.75, 0.63, 0.74, 0.61, 0.6, 0.62, 0.68, 0.63, 0.77, 0.64, 0.65, 0.71, 0.66, 0.66, 0.7, 0.66, 0.71, 0.71, 0.79, 0.65, 0.78, 0.79, 0.77, 0.67, 0.71, 0.8, 0.66, 0.79, 0.47, 0.4, 0.29, 0.79, 0.77, 0.64, 0.61, 0.71, 0.76, 0.68, 0.75, 0.67, 0.64, 0.77]",72,0.675833,0.102912,13.3045,6.3816
possibly,"[0.41, 0.27, 0.34, 0.31, 0.38, 0.3, 0.37, 0.4, 0.4, 0.49, 0.25, 0.2, 0.2, 0.3, 0.49, 0.27, 0.48, 0.32, 0.26, 0.12, 0.15, 0.12, 0.35, 0.28, 0.35, 0.34, 0.27, 0.27, 0.45, 0.24, 0.28, 0.24, 0.27, 0.34, 0.24, 0.38, 0.4, 0.46, 0.3, 0.36, 0.29, 0.43, 0.49, 0.49, 0.41, 0.31, 0.4, 0.22, 0.41, 0.39, 0.31, 0.35, 0.36, 0.47, 0.37, 0.28, 0.3, 0.32, 0.44, 0.37, 0.25, 0.3, 0.4, 0.24, 0.3, 0.14, 0.21, 0.06, 0.21, 0.45, 0.35]",71,0.323521,0.096985,7.204,15.0636
if I'm not mistaken,"[0.48, 0.42, 0.22, 0.22, 0.31, 0.4, 0.39, 0.36, 0.28, 0.64, 0.75, 0.76, 0.7, 0.66, 0.64, 0.74, 0.76, 0.76, 0.68, 0.74, 0.64, 0.77, 0.69, 0.65, 0.49, 0.37, 0.27, 0.67, 0.71, 0.75, 0.41, 0.37, 0.39, 0.67, 0.68, 0.66, 0.48, 0.35, 0.33, 0.77, 0.69, 0.72, 0.67, 0.62, 0.8, 0.67, 0.65, 0.61, 0.69, 0.75, 0.4, 0.4, 0.24, 0.74, 0.64, 0.69, 0.65, 0.73, 0.79, 0.77, 0.62, 0.69, 0.8, 0.69, 0.43, 0.37, 0.29, 0.31, 0.72, 0.74, 0.68]",71,0.581549,0.176098,3.9821,2.8653
reasonably,"[0.74, 0.66, 0.66, 0.78, 0.73, 0.6, 0.67, 0.7, 0.71, 0.7, 0.65, 0.72, 0.68, 0.8, 0.8, 0.64, 0.74, 0.65, 0.66, 0.69, 0.75, 0.62, 0.78, 0.67, 0.62, 0.79, 0.75, 0.77, 0.68, 0.62, 0.78, 0.7, 0.66, 0.65, 0.75, 0.74, 0.71, 0.8, 0.7, 0.78, 0.63, 0.76, 0.6, 0.71, 0.6, 0.71, 0.75, 0.64, 0.74, 0.77, 0.69, 0.68, 0.61, 0.78, 0.73, 0.72, 0.6, 0.7, 0.63, 0.71, 0.74, 0.74, 0.62, 0.68, 0.79, 0.68, 0.66, 0.71]",68,0.701176,0.057886,43.1435,18.3866
likely,"[0.75, 0.64, 0.61, 0.61, 0.76, 0.6, 0.23, 0.41, 0.26, 0.79, 0.66, 0.67, 0.74, 0.6, 0.67, 0.74, 0.73, 0.62, 0.72, 0.63, 0.61, 0.77, 0.62, 0.8, 0.65, 0.7, 0.69, 0.7, 0.6, 0.62, 0.25, 0.31, 0.41, 0.71, 0.6, 0.64, 0.61, 0.35, 0.39, 0.26, 0.34, 0.35, 0.35, 0.61, 0.63, 0.7, 0.69, 0.64, 0.77, 0.69, 0.78, 0.66, 0.66, 0.7, 0.8, 0.62, 0.73, 0.73, 0.7, 0.67, 0.6, 0.68, 0.76, 0.68, 0.71, 0.64]",66,0.615455,0.150089,5.8506,3.6556
should,"[0.65, 0.67, 0.71, 0.63, 0.76, 0.8, 0.71, 0.75, 0.67, 0.76, 0.68, 0.75, 0.61, 0.6, 0.76, 0.78, 0.71, 0.69, 0.7, 0.61, 0.62, 0.76, 0.63, 0.64, 0.62, 0.71, 0.77, 0.66, 0.7, 0.66, 0.68, 0.75, 0.78, 0.71, 0.7, 0.64, 0.69, 0.63, 0.8, 0.78, 0.61, 0.8, 0.77, 0.71, 0.73, 0.8, 0.75, 0.64, 0.75, 0.73, 0.72, 0.68, 0.75, 0.76, 0.76, 0.71, 0.72, 0.68, 0.69, 0.6, 0.73, 0.69, 0.72, 0.73, 0.79]",65,0.706923,0.057034,44.3184,18.3736
I guess,"[0.25, 0.4, 0.3, 0.4, 0.48, 0.32, 0.35, 0.48, 0.74, 0.77, 0.61, 0.49, 0.27, 0.21, 0.48, 0.35, 0.39, 0.33, 0.35, 0.34, 0.28, 0.37, 0.36, 0.31, 0.49, 0.43, 0.44, 0.26, 0.34, 0.47, 0.3, 0.45, 0.32, 0.37, 0.23, 0.13, 0.21, 0.28, 0.38, 0.24, 0.25, 0.49, 0.3, 0.64, 0.62, 0.75, 0.26, 0.45, 0.3, 0.24, 0.23, 0.4, 0.34, 0.1, 0.21, 0.07, 0.35, 0.25, 0.31, 0.19, 0.2, 0.18, 0.38, 0.33, 0.42]",65,0.357385,0.144766,3.5591,6.3996
maybe,"[0.18, 0.22, 0.11, 0.06, 0.24, 0.25, 0.06, 0.05, 0.15, 0.4, 0.3, 0.33, 0.09, 0.14, 0.14, 0.07, 0.23, 0.06, 0.2, 0.2, 0.1, 0.11, 0.19, 0.16, 0.22, 0.11, 0.19, 0.09, 0.24, 0.23, 0.23, 0.14, 0.18, 0.05, 0.25, 0.12, 0.18, 0.15, 0.19, 0.1, 0.06, 0.13, 0.28, 0.45, 0.4, 0.21, 0.21, 0.2, 0.15, 0.2, 0.22, 0.31, 0.24, 0.26, 0.08, 0.14, 0.17, 0.21, 0.15, 0.2, 0.39, 0.38, 0.24, 0.25]",64,0.19125,0.092247,3.285,13.8915
would,"[0.38, 0.43, 0.48, 0.32, 0.45, 0.35, 0.34, 0.35, 0.34, 0.17, 0.25, 0.21, 0.33, 0.38, 0.49, 0.46, 0.72, 0.72, 0.77, 0.44, 0.21, 0.32, 0.39, 0.35, 0.32, 0.24, 0.14, 0.11, 0.48, 0.44, 0.38, 0.26, 0.11, 0.25, 0.16, 0.41, 0.44, 0.44, 0.47, 0.32, 0.46, 0.37, 0.32, 0.36, 0.43, 0.28, 0.33, 0.45, 0.4, 0.35, 0.3, 0.36, 0.24, 0.18, 0.18, 0.17, 0.25, 0.48, 0.3, 0.42, 0.35, 0.48, 0.43]",63,0.357302,0.132898,4.2883,7.7135
from what I understand,"[0.78, 0.63, 0.65, 0.73, 0.76, 0.6, 0.75, 0.8, 0.69, 0.74, 0.7, 0.78, 0.78, 0.8, 0.65, 0.64, 0.65, 0.76, 0.75, 0.75, 0.7, 0.8, 0.71, 0.62, 0.69, 0.7, 0.75, 0.6, 0.8, 0.76, 0.62, 0.73, 0.62, 0.67, 0.62, 0.62, 0.74, 0.75, 0.62, 0.64, 0.75, 0.65, 0.75, 0.8, 0.66, 0.6, 0.63, 0.62, 0.78, 0.79, 0.72, 0.8, 0.66, 0.68, 0.68, 0.78, 0.67, 0.72, 0.63, 0.62, 0.69, 0.63]",62,0.700968,0.065078,33.9926,14.5012
perhaps,"[0.12, 0.21, 0.13, 0.2, 0.21, 0.25, 0.35, 0.34, 0.37, 0.44, 0.27, 0.43, 0.33, 0.47, 0.22, 0.1, 0.1, 0.17, 0.15, 0.1, 0.15, 0.25, 0.15, 0.1, 0.19, 0.25, 0.41, 0.37, 0.48, 0.1, 0.13, 0.09, 0.22, 0.08, 0.05, 0.24, 0.24, 0.14, 0.41, 0.4, 0.29, 0.39, 0.14, 0.13, 0.19, 0.05, 0.13, 0.14, 0.1, 0.42, 0.35, 0.4, 0.36, 0.38, 0.28, 0.3, 0.38, 0.3, 0.3]",59,0.244746,0.122056,2.792,8.6156
can,"[0.73, 0.74, 0.63, 0.65, 0.72, 0.6, 0.6, 0.63, 0.71, 0.66, 0.79, 0.69, 0.76, 0.67, 0.73, 0.65, 0.65, 0.72, 0.66, 0.71, 0.69, 0.7, 0.71, 0.21, 0.09, 0.05, 0.34, 0.46, 0.27, 0.24, 0.25, 0.72, 0.64, 0.73, 0.77, 0.72, 0.63, 0.41, 0.29, 0.49, 0.7, 0.61, 0.67, 0.35, 0.38, 0.29, 0.76, 0.65, 0.62, 0.63, 0.73, 0.64]",52,0.579615,0.190993,3.292,2.3876
suggests,"[0.71, 0.65, 0.71, 0.67, 0.62, 0.65, 0.74, 0.7, 0.77, 0.61, 0.75, 0.71, 0.71, 0.7, 0.79, 0.8, 0.68, 0.74, 0.63, 0.69, 0.69, 0.71, 0.8, 0.78, 0.67, 0.64, 0.77, 0.46, 0.38, 0.35, 0.6, 0.8, 0.7, 0.68, 0.76, 0.66, 0.79, 0.36, 0.39, 0.33, 0.43, 0.34, 0.45, 0.19, 0.18, 0.18, 0.7, 0.7, 0.61, 0.68, 0.62, 0.73]",52,0.618462,0.170448,4.4047,2.7174
I am not sure,"[0.15, 0.15, 0.19, 0.71, 0.62, 0.76, 0.63, 0.09, 0.05, 0.21, 0.37, 0.23, 0.33, 0.4, 0.16, 0.2, 0.1, 0.28, 0.31, 0.26, 0.1, 0.25, 0.17, 0.48, 0.41, 0.24, 0.34, 0.37, 0.32, 0.4, 0.48, 0.22, 0.43, 0.38, 0.21, 0.4, 0.37, 0.36, 0.49, 0.4, 0.46, 0.3, 0.25, 0.25, 0.45, 0.36]",46,0.328043,0.15881,2.5391,5.201
around,"[0.49, 0.32, 0.28, 0.34, 0.48, 0.47, 0.29, 0.42, 0.3, 0.61, 0.6, 0.71, 0.3, 0.3, 0.24, 0.29, 0.21, 0.28, 0.29, 0.21, 0.3, 0.37, 0.47, 0.32, 0.36, 0.42, 0.21, 0.25, 0.49, 0.3, 0.42, 0.79, 0.68, 0.69, 0.11, 0.2, 0.1, 0.28, 0.4, 0.29, 0.35]",41,0.371463,0.160352,3.0015,5.0787
based on current evidence,"[0.71, 0.79, 0.71, 0.71, 0.78, 0.69, 0.69, 0.72, 0.73, 0.8, 0.77, 0.6, 0.71, 0.73, 0.8, 0.67, 0.62, 0.72, 0.79, 0.64, 0.6, 0.75, 0.76, 0.7, 0.6, 0.72, 0.62, 0.68, 0.67, 0.73, 0.61, 0.66, 0.73, 0.79, 0.74, 0.74, 0.75, 0.71, 0.66, 0.76]",40,0.709,0.058433,42.1336,17.2932
almost certain,"[0.08, 0.15, 0.06, 0.1, 0.77, 0.75, 0.8, 0.71, 0.64, 0.6, 0.69, 0.74, 0.75, 0.76, 0.65, 0.71, 0.77, 0.74, 0.76, 0.6, 0.8, 0.7, 0.62, 0.8, 0.76, 0.66, 0.69, 0.64, 0.73, 0.76, 0.65, 0.64, 0.76, 0.6, 0.64]",35,0.636571,0.205826,2.8397,1.6212
if memory serves,"[0.67, 0.64, 0.76, 0.67, 0.73, 0.76, 0.69, 0.61, 0.63, 0.74, 0.67, 0.71, 0.75, 0.35, 0.34, 0.4, 0.49, 0.34, 0.42, 0.64, 0.63, 0.67, 0.63, 0.31, 0.31, 0.26, 0.6, 0.71, 0.67, 0.66, 0.8, 0.73, 0.79, 0.69]",34,0.602059,0.159882,5.0408,3.3318
point to,"[0.73, 0.71, 0.62, 0.79, 0.78, 0.65, 0.69, 0.69, 0.76, 0.74, 0.75, 0.7, 0.7, 0.65, 0.64, 0.73, 0.69, 0.78, 0.79, 0.8, 0.79, 0.68, 0.76, 0.71, 0.77, 0.64, 0.72, 0.8, 0.74, 0.72, 0.79, 0.72, 0.71, 0.69]",34,0.724412,0.050883,55.1346,20.9749
quite,"[0.48, 0.4, 0.32, 0.79, 0.72, 0.78, 0.68, 0.79, 0.71, 0.75, 0.75, 0.7, 0.7, 0.69, 0.61, 0.75, 0.79, 0.7, 0.61, 0.77, 0.61, 0.72, 0.73, 0.71, 0.8, 0.79, 0.65, 0.73, 0.68, 0.68, 0.79]",31,0.689677,0.112501,10.9728,4.9372
vague,"[0.42, 0.31, 0.27, 0.46, 0.42, 0.35, 0.21, 0.26, 0.4, 0.4, 0.24, 0.25, 0.39, 0.39, 0.44, 0.44, 0.44, 0.41, 0.4, 0.4, 0.41, 0.26, 0.24, 0.46, 0.29, 0.26, 0.37, 0.3, 0.37, 0.27]",30,0.351,0.07836,12.6707,23.4281
there is a chance that,"[0.32, 0.29, 0.27, 0.41, 0.41, 0.3, 0.46, 0.4, 0.31, 0.31, 0.29, 0.32, 0.21, 0.47, 0.29, 0.27, 0.29, 0.49, 0.3, 0.35, 0.39, 0.25, 0.25, 0.4, 0.28, 0.35, 0.47, 0.21, 0.42, 0.42]",30,0.34,0.079307,11.7904,22.8872
not completely,"[0.23, 0.39, 0.28, 0.24, 0.38, 0.25, 0.23, 0.41, 0.4, 0.3, 0.35, 0.43, 0.4, 0.38, 0.44, 0.24, 0.42, 0.42, 0.24, 0.3, 0.34, 0.47, 0.25, 0.4, 0.3, 0.49, 0.27, 0.37]",28,0.343571,0.080747,11.5405,22.0494
uncertain,"[0.2, 0.1, 0.25, 0.21, 0.2, 0.24, 0.2, 0.18, 0.24, 0.12, 0.1, 0.07, 0.21, 0.25, 0.16, 0.18, 0.2, 0.25, 0.24, 0.07, 0.19, 0.13, 0.35, 0.4, 0.3, 0.05, 0.19, 0.25]",28,0.1975,0.081086,4.5633,18.5422
I am confident that,"[0.8, 0.65, 0.68, 0.77, 0.64, 0.68, 0.62, 0.71, 0.8, 0.72, 0.79, 0.79, 0.71, 0.77, 0.8, 0.74, 0.66, 0.75, 0.71, 0.8, 0.76, 0.78, 0.79, 0.8, 0.79, 0.71, 0.61]",27,0.734444,0.061415,37.243,13.4661
the evidence suggests,"[0.78, 0.71, 0.6, 0.7, 0.67, 0.62, 0.69, 0.6, 0.61, 0.79, 0.77, 0.65, 0.78, 0.77, 0.66, 0.6, 0.63, 0.7, 0.76, 0.71, 0.73, 0.69, 0.74, 0.78, 0.63, 0.6, 0.69]",27,0.691111,0.0653,33.9084,15.1552
to my knowledge,"[0.7, 0.71, 0.74, 0.69, 0.61, 0.65, 0.61, 0.76, 0.69, 0.65, 0.68, 0.74, 0.62, 0.64, 0.69, 0.78, 0.68, 0.77, 0.79, 0.63, 0.71, 0.26, 0.25, 0.35, 0.8, 0.79, 0.71]",27,0.655556,0.145055,6.3796,3.352
about,"[0.13, 0.2, 0.18, 0.23, 0.11, 0.21, 0.13, 0.19, 0.25, 0.22, 0.15, 1.0, 0.99, 1.0, 0.01, 0.0, 0.04, 0.22, 0.12, 0.05, 0.8, 0.8, 0.78, 0.69, 0.66]",25,0.3664,0.346156,0.3435,0.594
without a doubt,"[0.97, 1.0, 0.99, 1.0, 1.0, 0.98, 0.99, 1.0, 1.0, 0.99, 1.0, 1.0, 1.0, 1.0, 1.0, 0.99, 0.99, 0.98, 1.0, 1.0, 0.97, 1.0, 1.0, 1.0, 1.0]",25,0.994,0.009574,63.6774,0.3844
very,"[0.16, 0.2, 0.19, 0.13, 0.21, 0.13, 0.19, 0.14, 0.2, 0.09, 0.12, 0.1, 0.17, 0.1, 0.06, 0.46, 0.31, 0.4, 0.12, 0.16, 0.16, 0.18, 0.24, 0.16]",24,0.1825,0.093216,2.9511,13.2191
highly likely,"[0.64, 0.77, 0.74, 0.8, 0.8, 0.63, 0.75, 0.72, 0.79, 0.69, 0.73, 0.73, 0.67, 0.63, 0.62, 0.7, 0.69, 0.78, 0.73, 0.8, 0.68, 0.71, 0.73]",23,0.718696,0.056753,44.3923,17.3756
according to some scholars,"[0.68, 0.63, 0.78, 0.68, 0.75, 0.73, 0.69, 0.76, 0.79, 0.67, 0.66, 0.71, 0.77, 0.64, 0.75, 0.69, 0.63, 0.75, 0.61, 0.64, 0.74, 0.66]",22,0.700455,0.054901,48.0602,20.5527
it is certain that,"[0.95, 0.99, 0.95, 1.0, 1.0, 1.0, 0.6, 0.69, 0.78, 0.99, 0.99, 1.0, 0.95, 0.99, 1.0, 0.8, 0.74, 0.79, 0.78]",19,0.894211,0.12907,4.1835,0.4949
I have a feeling,"[0.43, 0.25, 0.36, 0.22, 0.44, 0.22, 0.21, 0.21, 0.42, 0.25, 0.4, 0.3, 0.41, 0.48, 0.22, 0.36, 0.34, 0.21]",18,0.318333,0.095993,7.1781,15.3709
I suspect,"[0.4, 0.27, 0.39, 0.39, 0.39, 0.33, 0.4, 0.3, 0.49, 0.41, 0.34, 0.45, 0.19, 0.19, 0.24, 0.3, 0.39, 0.22]",18,0.338333,0.088865,9.2527,18.0951
approximately,"[0.73, 0.8, 0.75, 0.35, 0.22, 0.26, 0.68, 0.68, 0.71, 0.69, 0.67, 0.62, 0.69, 0.68, 0.6, 0.63, 0.66, 0.71]",18,0.618333,0.165432,4.7137,2.9095
definitely,"[1.0, 0.99, 1.0, 1.0, 1.0, 0.95, 1.0, 1.0, 1.0, 0.98, 0.95, 0.98, 1.0, 1.0, 1.0, 1.0, 0.97, 0.99]",18,0.989444,0.016968,34.9035,0.3724
for sure,"[0.24, 0.05, 0.17, 0.14, 0.15, 0.22, 0.2, 0.2, 0.12, 0.07, 0.06, 0.11, 0.29, 0.38, 0.27, 0.12, 0.23, 0.14]",18,0.175556,0.086787,3.1979,15.0181
from what I gather,"[0.78, 0.67, 0.76, 0.72, 0.76, 0.68, 0.67, 0.64, 0.65, 0.6, 0.7, 0.74, 0.68, 0.76, 0.76, 0.75, 0.72, 0.66]",18,0.705556,0.051703,54.1264,22.5882
very likely,"[0.67, 0.76, 0.78, 0.67, 0.76, 0.69, 0.62, 0.65, 0.77, 0.71, 0.61, 0.73, 0.72, 0.72, 0.67, 0.72, 0.75, 0.75]",18,0.708333,0.051019,55.5126,22.8581
hesitant,"[0.21, 0.2, 0.12, 0.4, 0.44, 0.31, 0.35, 0.23, 0.3, 0.4, 0.38, 0.15, 0.18, 0.25, 0.21, 0.27, 0.29]",17,0.275882,0.09441,5.9074,15.5054
inclined to,"[0.64, 0.74, 0.6, 0.6, 0.69, 0.6, 0.62, 0.45, 0.27, 0.29, 0.6, 0.62, 0.65, 0.71, 0.63, 0.65, 0.63]",17,0.587647,0.13084,7.7304,5.4244
potentially,"[0.35, 0.45, 0.28, 0.47, 0.3, 0.35, 0.42, 0.2, 0.22, 0.11, 0.48, 0.24, 0.21, 0.11, 0.19, 0.2]",16,0.28625,0.121922,3.6481,9.0963
absolutely,"[0.02, 0.02, 0.03, 0.95, 1.0, 1.0, 1.0, 1.0, 1.0, 1.0, 1.0, 1.0, 1.0, 1.0, 0.95]",15,0.798,0.401305,0.0007,0.0002
it is clear that,"[0.72, 0.62, 0.68, 0.96, 0.95, 1.0, 1.0, 1.0, 0.98, 1.0, 1.0, 1.0, 1.0, 1.0, 0.95]",15,0.924,0.132439,2.7754,0.2283
positive,"[0.78, 0.69, 0.65, 0.43, 0.24, 0.41, 0.37, 0.4, 0.28, 0.6, 0.67, 0.7, 0.29, 0.25, 0.33]",15,0.472667,0.188242,2.8521,3.182
generally,"[0.69, 0.62, 0.79, 0.6, 0.63, 0.61, 0.65, 0.6, 0.72, 0.79, 0.8, 0.74, 0.66, 0.77]",14,0.690714,0.076205,24.7187,11.0684
as far as I can tell,"[0.71, 0.8, 0.74, 0.6, 0.77, 0.68, 0.78, 0.49, 0.41, 0.38, 0.63, 0.63, 0.66]",13,0.636923,0.136527,7.265,4.1414
without question,"[1.0, 1.0, 1.0, 1.0, 1.0, 1.0, 1.0, 1.0, 1.0, 1.0, 1.0, 1.0, 1.0]",13,1.0,0.0,1.0,0.0
tentatively,"[0.1, 0.23, 0.09, 0.17, 0.39, 0.23, 0.41, 0.42, 0.33, 0.29, 0.29, 0.43]",12,0.281667,0.120366,3.652,9.3136
undoubtedly,"[1.0, 0.98, 1.0, 1.0, 1.0, 1.0, 1.0, 0.97, 1.0, 1.0, 1.0, 1.0]",12,0.995833,0.009962,40.6398,0.17
highly probable,"[0.65, 0.75, 0.73, 0.65, 0.78, 0.6, 0.77, 0.7, 0.8, 0.65]",10,0.708,0.067954,30.9889,12.7807
or so,"[0.18, 0.22, 0.13, 0.68, 0.78, 0.64, 0.77, 0.11, 0.22, 0.1]",10,0.383,0.293373,0.6686,1.0771
quite likely,"[0.76, 0.62, 0.65, 0.76, 0.61, 0.68, 0.68, 0.6, 0.75, 0.67]",10,0.678,0.061065,39.017,18.5302
completely,"[0.19, 0.14, 0.2, 0.98, 1.0, 1.0, 0.02, 0.02, 0.0]",9,0.394444,0.455058,0.0605,0.0929
confidently,"[0.01, 0.03, 0.01, 0.01, 0.04, 0.01, 1.0, 0.95, 0.96]",9,0.335556,0.476133,0.7481,1.4814
it goes without saying that,"[1.0, 0.99, 1.0, 0.96, 0.95, 1.0, 1.0, 1.0, 0.95]",9,0.983333,0.022913,29.7133,0.5036
reportedly,"[0.76, 0.79, 0.71, 0.69, 0.78, 0.64, 0.77, 0.6, 0.79]",9,0.725556,0.069841,28.8937,10.9292
there is consensus that,"[0.71, 0.75, 0.68, 0.73, 0.8, 0.78, 0.68, 0.75, 0.74]",9,0.735556,0.040961,84.5413,30.394
univocally,"[0.98, 0.95, 1.0, 1.0, 0.95, 0.95, 1.0, 1.0, 1.0]",9,0.981111,0.02421,30.0404,0.5784
unquestionably,"[1.0, 1.0, 1.0, 0.95, 0.96, 1.0, 1.0, 1.0, 0.96]",9,0.985556,0.021858,28.3799,0.4159
with certainty,"[1.0, 1.0, 0.98, 0.96, 0.98, 1.0, 1.0, 0.95, 1.0]",9,0.985556,0.019437,36.1531,0.5299
I am reasonably confident that,"[0.72, 0.71, 0.61, 0.66, 0.73, 0.8, 0.64, 0.66]",8,0.69125,0.060578,39.5113,17.6479
shall,"[0.45, 0.3, 0.29, 0.63, 0.73, 0.78, 0.77, 0.77]",8,0.59,0.212401,2.5735,1.7884
typically,"[0.8, 0.71, 0.62, 0.74, 0.63, 0.74, 0.79, 0.66]",8,0.71125,0.068959,30.0061,12.1817
conceivably,"[0.05, 0.08, 0.15, 0.1, 0.05, 0.15, 0.08, 0.23]",8,0.11125,0.061745,2.7739,22.1601
in all likelihood,"[0.63, 0.77, 0.74, 0.68, 0.64, 0.67, 0.74]",7,0.695714,0.054423,49.029,21.4439
is believed to,"[0.71, 0.72, 0.76, 0.76, 0.71, 0.79, 0.7]",7,0.735714,0.034087,122.3823,43.9626
no doubt,"[1.0, 1.0, 1.0, 0.95, 1.0, 1.0, 0.95]",7,0.985714,0.024398,22.3335,0.3237
reasonably certain,"[0.65, 0.69, 0.71, 0.8, 0.69, 0.75, 0.73]",7,0.717143,0.04855,60.9981,24.059
I am inclined to think,"[0.36, 0.48, 0.48, 0.44, 0.25, 0.21]",6,0.37,0.117644,5.8617,9.9808
associated with,"[0.74, 0.68, 0.65, 0.72, 0.8, 0.67]",6,0.71,0.055136,47.3785,19.3518
confirmed,"[1.0, 1.0, 1.0, 0.32, 0.42, 0.4]",6,0.69,0.341233,0.5775,0.2595
may be,"[0.31, 0.29, 0.45, 0.18, 0.25, 0.25]",6,0.288333,0.090866,6.8774,16.9749
my impression is,"[0.41, 0.29, 0.42, 0.47, 0.37, 0.38]",6,0.39,0.060332,25.0993,39.2579
my sense is,"[0.45, 0.35, 0.33, 0.4, 0.47, 0.43]",6,0.405,0.055767,30.976,45.5079
potential,"[1.0, 1.0, 0.95, 0.27, 0.38, 0.22]",6,0.636667,0.383701,0.3637,0.2075
presumably,"[0.73, 0.74, 0.65, 0.68, 0.63, 0.6]",6,0.671667,0.055648,47.1614,23.0541
reliable,"[0.01, 0.04, 0.01, 0.7, 0.72, 0.68]",6,0.36,0.372827,0.2367,0.4208
something like,"[0.34, 0.34, 0.35, 0.2, 0.17, 0.25]",6,0.275,0.079183,8.4695,22.3287
strongly suggests,"[0.69, 0.71, 0.62, 0.64, 0.68, 0.68]",6,0.67,0.033466,131.5952,64.8155
totally,"[0.42, 0.4, 0.3, 0.08, 0.22, 0.13]",6,0.258333,0.139774,2.2752,6.5319
I suppose,"[0.42, 0.32, 0.41, 0.25, 0.25]",5,0.33,0.082765,10.3215,20.9558
commonly,"[0.65, 0.62, 0.7, 0.77, 0.7]",5,0.688,0.057184,44.4751,20.1689
only,"[0.76, 0.75, 0.78, 0.7, 0.69]",5,0.736,0.039115,92.7331,33.263
I am fairly confident that,"[0.77, 0.67, 0.7, 0.8]",4,0.735,0.060277,38.6667,13.9411
I would venture to say,"[0.33, 0.35, 0.3, 0.41]",4,0.3475,0.046458,36.1591,67.8959
apparently,"[0.77, 0.65, 0.79, 0.69]",4,0.725,0.066081,32.3773,12.2811
extremely,"[0.1, 0.25, 0.11, 0.05]",4,0.1275,0.085781,1.8001,12.318
linked to,"[0.74, 0.6, 0.65, 0.77]",4,0.69,0.07874,23.115,10.385
roughly,"[0.07, 0.21, 0.25, 0.2]",4,0.1825,0.078049,4.2872,19.2043
I am certain,"[0.96, 0.95, 1.0]",3,0.97,0.026458,39.3543,1.2171
I am unable to answer,"[0.0, 0.04, 0.02]",3,0.02,0.02,0.96,47.04
I have a hunch,"[0.26, 0.24, 0.35]",3,0.283333,0.058595,16.4737,41.6687
I reckon,"[0.77, 0.72, 0.78]",3,0.756667,0.032146,134.0683,43.1145
I would suggest,"[0.38, 0.4, 0.45]",3,0.41,0.036056,75.8815,109.1954
a bit,"[0.44, 0.36, 0.33]",3,0.376667,0.056862,26.975,44.6401
almost,"[0.22, 0.14, 0.12]",3,0.16,0.052915,7.52,39.48
although,"[0.18, 0.21, 0.25]",3,0.213333,0.035119,28.8154,106.2567
correct me if I am wrong,"[0.16, 0.23, 0.23]",3,0.206667,0.040415,20.5387,78.8422
doubtful,"[0.21, 0.18, 0.11]",3,0.166667,0.051316,8.6238,43.1188
granted,"[0.2, 0.25, 0.18]",3,0.21,0.036056,26.5892,100.0262
in my opinion,"[0.74, 0.63, 0.8]",3,0.723333,0.086217,18.7504,7.1718
it is likely that,"[0.76, 0.77, 0.78]",3,0.77,0.01,1362.9,407.1
not fully,"[0.23, 0.26, 0.48]",3,0.323333,0.136504,3.4732,7.2686
ostensibly,"[0.63, 0.79, 0.69]",3,0.703333,0.080829,21.7591,9.178
preliminary,"[0.23, 0.22, 0.18]",3,0.21,0.026458,49.56,186.44
some doubt,"[0.37, 0.47, 0.34]",3,0.393333,0.068069,19.8638,30.6374
somewhat,"[0.38, 0.32, 0.45]",3,0.383333,0.065064,21.022,33.8179
specifically,"[0.95, 0.95, 0.95]",3,0.95,0.0,2.4406499556394244e+30,1.2845526082312802e+29
speculative,"[0.22, 0.1, 0.17]",3,0.163333,0.060277,5.9799,30.6317
unclear,"[0.43, 0.35, 0.47]",3,0.416667,0.061101,26.7101,37.3941
